"";"Neu";"B";"Mono";"NK";"T";"Macro";"Plasma";"DC";"Ciliated";"Secretory";"Squamous";"RowSum"
"GAATGTGGCA";1;1;1;1;1;1;1;1;0;0;0;8
"GCCACCACGC";1;0;0;0;0;0;0;0;0;0;0;1
"CCTCGGCCTC";1;0;0;0;0;0;0;0;0;0;0;1
"GGAAAGCCTTC";1;0;0;0;0;0;0;0;0;0;0;1
"GGGATTACAGGT";1;1;0;1;0;0;0;0;0;0;0;3
"CTGCCTCAGCCTC";1;0;0;0;0;0;0;0;0;0;0;1
"GAGAAACCTTAC";1;1;1;0;1;0;1;1;0;0;1;7
"GTTTCACCATG";1;0;0;0;0;0;0;0;0;0;0;1
"AAACCCTATGA";1;0;0;0;0;0;0;0;0;0;0;1
"ACAGGCGTGAGCC";1;1;0;1;0;0;0;0;0;0;0;3
"TCAACATCAGAGG";1;0;0;0;0;0;0;0;0;0;0;1
"GAGTAGCTGGGA";1;1;0;1;0;0;0;0;0;0;0;3
"GAGAATTCATACTGGC";1;0;0;0;0;0;0;0;0;0;0;1
"CACCTCGTGATC";1;0;0;0;0;0;0;0;0;0;0;1
"CGAGGTCTTG";0;1;0;0;0;0;1;0;0;0;0;2
"TTCACCATGTT";0;1;0;0;1;1;0;0;0;0;0;3
"GTTTCACACT";0;1;0;0;1;1;0;1;0;0;0;4
"AACCCTATGA";0;1;1;1;0;0;0;0;0;0;0;3
"TGCAACCTTAC";0;1;0;0;0;0;0;0;0;0;0;1
"GGGAAAGCCTTC";0;1;1;1;1;1;1;0;0;0;1;7
"AACATCAGAGG";0;1;0;0;0;0;0;0;0;0;0;1
"AGAGAATTCATACTGGA";0;1;0;0;0;0;0;0;0;0;0;1
"CACCTCGGCCTC";0;1;1;1;1;1;1;1;0;0;0;7
"TCGTGATCCGCC";0;1;0;1;1;1;1;1;0;0;0;6
"TCGTGATCCG";0;0;1;0;0;0;0;0;0;0;0;1
"CTGCCTCAGCC";0;0;1;1;0;1;0;0;0;0;0;3
"GTTTCACCATGTT";0;0;1;0;0;0;0;0;0;0;0;1
"TTACAGGCGTGAGCC";0;0;1;0;0;1;1;0;0;0;0;3
"GAGAATTCATACTGGA";0;0;1;0;0;0;0;0;0;0;0;1
"ATCCTCGGCCTC";0;0;1;0;0;0;0;0;0;0;0;1
"GAGATCAACATCAGAGG";0;0;1;1;1;1;0;0;0;0;0;4
"GAATTCATACTGGA";0;0;0;1;1;1;1;0;0;0;0;4
"GTTTCACCACGC";0;0;0;1;0;0;0;0;0;0;0;1
"AACCCTATGAA";0;0;0;0;1;0;0;0;0;0;0;1
"GCATCAGAGG";0;0;0;0;1;1;1;0;0;1;0;4
"GGGATTACAGGCGTGAGCC";0;0;0;0;1;0;0;0;0;0;0;1
"CGAGGTCTTCA";0;0;0;0;1;0;0;0;0;0;0;1
"ATTGTCAACATCAGAGG";0;0;0;0;1;0;0;0;0;0;0;1
"AACCCTATGAGTGTA";0;0;0;0;0;1;0;0;0;0;0;1
"TGGAGAGAAT";0;0;0;0;0;0;1;0;0;0;0;1
"AACCCTATGAAT";0;0;0;0;0;0;1;0;0;0;1;2
"GTTTCACCATGTGA";0;0;0;0;0;0;1;0;0;0;0;1
"TGTCAACATCAGAGG";0;0;0;0;0;0;1;0;0;0;0;1
"GATCAACATCAGAGG";0;0;0;0;0;0;1;0;0;1;0;2
"CAATGTGGCA";0;0;0;0;0;0;0;1;0;0;0;1
"AACCCTATGAT";0;0;0;0;0;0;0;1;0;0;0;1
"CACCATGTGA";0;0;0;0;0;0;0;1;0;0;0;1
"GGGAAAGCCTTTA";0;0;0;0;0;0;0;1;0;0;0;1
"CTGGAGAGAATTCATACTGGAGAG";0;0;0;0;0;0;0;1;0;0;0;1
"GATCAACATCAGAGA";0;0;0;0;0;0;0;1;1;0;0;2
"GCATCAGAGA";0;0;0;0;0;0;0;0;1;0;1;2
"AGATCTTACT";0;0;0;0;0;0;0;0;1;0;0;1
"CTCAGCCCAA";0;0;0;0;0;0;0;0;1;0;0;1
"AAAGAATGTGAG";0;0;0;0;0;0;0;0;1;0;0;1
"AGTGTGGGAAAGCCTTC";0;0;0;0;0;0;0;0;1;0;0;1
"GAATTCATACTGGAGAGAAT";0;0;0;0;0;0;0;0;1;0;0;1
"CAACCCTATGAAT";0;0;0;0;0;0;0;0;1;1;0;2
"TATGAGTGTA";0;0;0;0;0;0;0;0;0;1;1;2
"TCAGAGAAACCT";0;0;0;0;0;0;0;0;0;1;0;1
"GTATCTCATT";0;0;0;0;0;0;0;0;0;1;0;1
"TTCACACTGG";0;0;0;0;0;0;0;0;0;1;0;1
"AAAGAATGTGGA";0;0;0;0;0;0;0;0;0;1;0;1
"TTTTATTTATTTTT";0;0;0;0;0;0;0;0;0;1;0;1
"GGTGAGATCACG";0;0;0;0;0;0;0;0;0;1;0;1
"CCATGTGAGATCACG";0;0;0;0;0;0;0;0;0;1;0;1
"GAATTCATACTGGAGAGAAACCT";0;0;0;0;0;0;0;0;0;1;0;1
"TATATGTGGGAAAGCCTTC";0;0;0;0;0;0;0;0;0;1;0;1
"ATATGTGGCA";0;0;0;0;0;0;0;0;0;0;1;1
"TGGAGAGAATTCATACTGGA";0;0;0;0;0;0;0;0;0;0;1;1
"CATGTGAGATCAACATCAGAGA";0;0;0;0;0;0;0;0;0;0;1;1
